Name,FileSource,Secondary,Storage,Bus,VolumeGroup,DuckGroup,Duck,ReverbSend,CenterSend,VolMin,VolMax,DistMin,DistMaxDry,DistMaxWet,DryMinCurve,DryMaxCurve,WetMinCurve,WetMaxCurve,LimitCount,EntityLimitCount,LimitType,EntityLimitType,PitchMin,PitchMax,PriorityMin,PriorityMax,PriorityThresholdMin,PriorityThresholdMax,PanType,Pan,Looping,RandomizeType,Probability,StartDelay,EnvelopMin,EnvelopMax,EnvelopPercent,OcclusionLevel,IsBig,DistanceLpf,FluxType,FluxTime,Subtitle,Doppler,ContextType,ContextValue,Timescale,IsMusic,IsCinematic,FadeIn,FadeOut,Pauseable,StopOnEntDeath,StopOnPlay,DopplerScale,FutzPatch,VoiceLimit,IgnoreMaxDist,NeverPlayTwice
evt_perk_deny,raw\sound\evt\zombie_global\perksacola\bottle\deny_00.LN55.pc.snd.wav,,loaded,bus_fx,grp_ambience,snp_ambience,,60,0,75,75,50,225,350,allon,default,allon,default,6,8,priority,oldest,-100,100,25,50,0.25,1,3d,default,nonlooping,,1,0,25,75,92,0.4,no,yes,none,0,,no,,,yes,no,no,0,0,yes,no,,0,,no,no,no
zmb_zombie_head_gib,raw\sound\fly\gibs\zombie\head\zombie_head_00.LN55.pc.snd.wav,,loaded,bus_hdrfx,grp_hdrfx,snp_hdrfx,,60,0,83,83,250,1250,1500,allon,default,allon,default,8,8,priority,oldest,-281,315,10,15,0.25,1,3d,default,nonlooping,,1,0,50,125,98,0.25,no,yes,none,0,,no,,,yes,no,no,0,0,yes,no,,0,,no,no,no
zmb_zombie_head_gib,raw\sound\fly\gibs\zombie\head\zombie_head_01.LN55.pc.snd.wav,,loaded,bus_hdrfx,grp_hdrfx,snp_hdrfx,,60,0,83,83,250,1250,1500,allon,default,allon,default,8,8,priority,oldest,-281,315,10,15,0.25,1,3d,default,nonlooping,,1,0,50,125,98,0.25,no,yes,none,0,,no,,,yes,no,no,0,0,yes,no,,0,,no,no,no
zmb_zombie_head_gib,raw\sound\fly\gibs\zombie\head\zombie_head_02.LN55.pc.snd.wav,,loaded,bus_hdrfx,grp_hdrfx,snp_hdrfx,,60,0,83,83,250,1250,1500,allon,default,allon,default,8,8,priority,oldest,-281,315,10,15,0.25,1,3d,default,nonlooping,,1,0,50,125,98,0.25,no,yes,none,0,,no,,,yes,no,no,0,0,yes,no,,0,,no,no,no
zmb_zombie_spawn,raw\sound\evt\zombie_global\spawn\dirt\dirt_00.LN55.pc.snd.wav,,loaded,bus_hdrfx,grp_hdrfx,snp_hdrfx,,60,0,86,86,250,1000,1125,allon,default,allon,default,3,8,priority,oldest,0,0,40,60,0.25,1,3d,default,nonlooping,,1,0,0,0,0,0.1,no,yes,none,0,,no,,,yes,no,no,0,0,yes,no,,0,,no,no,no
zmb_zombie_spawn,raw\sound\evt\zombie_global\spawn\dirt\dirt_01.LN55.pc.snd.wav,,loaded,bus_hdrfx,grp_hdrfx,snp_hdrfx,,60,0,86,86,250,1000,1125,allon,default,allon,default,3,8,priority,oldest,0,0,40,60,0.25,1,3d,default,nonlooping,,1,0,0,0,0,0.1,no,yes,none,0,,no,,,yes,no,no,0,0,yes,no,,0,,no,no,no
evt_player_swiped,raw\sound\zmb\plr\swipe\swipe_00.LN65.pc.snd.wav,,loaded,bus_hdrfx,grp_hdrfx,snp_evt_2d,,19.234,0,90,90,25,125,250,allon,default,allon,default,8,8,priority,oldest,0,300,95,100,0,1,2d,front,nonlooping,,1,0,0,0,0,0,no,yes,none,0,,no,,,yes,no,no,0,0,yes,no,,0,,no,no,no
evt_player_swiped,raw\sound\zmb\plr\swipe\swipe_01.LN65.pc.snd.wav,,loaded,bus_hdrfx,grp_hdrfx,snp_evt_2d,,19.234,0,90,90,25,125,250,allon,default,allon,default,8,8,priority,oldest,0,300,95,100,0,1,2d,front,nonlooping,,1,0,0,0,0,0,no,yes,none,0,,no,,,yes,no,no,0,0,yes,no,,0,,no,no,no
evt_player_swiped,raw\sound\zmb\plr\swipe\swipe_04.LN65.pc.snd.wav,,loaded,bus_hdrfx,grp_hdrfx,snp_evt_2d,,19.234,0,90,90,25,125,250,allon,default,allon,default,8,8,priority,oldest,0,300,95,100,0,1,2d,front,nonlooping,,1,0,0,0,0,0,no,yes,none,0,,no,,,yes,no,no,0,0,yes,no,,0,,no,no,no
mus_zombie_round_over,raw\sound\mus\zombie\zombie_global\mus_zombie_round_over.SN65.pc.snd.flac,,streamed,bus_music,grp_music,snp_music,,0,0,89,89,0,5000,5000,allon,default,allon,default,8,8,priority,oldest,0,0,100,100,0,1,2d,music_all,nonlooping,,1,0,0,0,0,0.25,no,yes,none,0,,no,,,yes,yes,no,0,0,yes,no,,0,,no,no,no
mus_zombie_round_start,raw\sound\mus\zombie\zombie_global\mus_zombie_round_start.SN65.pc.snd.flac,,streamed,bus_music,grp_music,snp_music,,0,0,89,89,0,5000,5000,allon,default,allon,default,8,8,priority,oldest,0,0,100,100,0,1,2d,music_all,nonlooping,,1,0,0,0,0,0.25,no,yes,none,0,,no,,,yes,yes,no,0,0,yes,no,,0,,no,no,no
mus_zombie_splash_screen,raw\sound\mus\zombie\zombie_global\mus_zombie_splash_screen.SN65.pc.snd.flac,,streamed,bus_music,grp_music,snp_music,,0,0,83,83,0,5000,5000,allon,default,allon,default,8,8,priority,oldest,0,0,100,100,0,1,2d,music_all,nonlooping,,1,0,0,0,0,0.25,no,yes,none,0,,no,,,yes,yes,no,0,0,yes,no,,0,,no,no,no
mus_zombie_wave_loop,raw\sound\mus\zombie\zombie_global\makin_stealth.SL65.pc.snd.flac,,streamed,bus_music,grp_music,snp_music,,0,0,73,73,0,5000,5000,allon,default,allon,default,1,8,oldest,oldest,0,0,100,100,0,1,2d,music_all,looping,,1,0,0,0,0,0.25,no,yes,none,0,,no,,,yes,yes,no,0,0,yes,no,,0,,no,no,no
zmb_vocals_zombie_ambience,raw\sound\vox\zmb\standard\amb\amb_00.LN55.pc.snd.wav,,loaded,bus_voice,grp_voice,snp_voice,,75,0,74,77,50,2250,2500,allon,default,allon,default,6,1,priority,reject,-300,300,30,60,0.25,1,3d,default,nonlooping,,1,0,0,0,0,0.75,no,yes,none,0,,no,,,yes,no,no,0,0,yes,yes,,0,,no,no,no
zmb_vocals_zombie_ambience,raw\sound\vox\zmb\standard\amb\amb_01.LN55.pc.snd.wav,,loaded,bus_voice,grp_voice,snp_voice,,75,0,74,77,50,2250,2500,allon,default,allon,default,6,1,priority,reject,-300,300,30,60,0.25,1,3d,default,nonlooping,,1,0,0,0,0,0.75,no,yes,none,0,,no,,,yes,no,no,0,0,yes,yes,,0,,no,no,no
zmb_vocals_zombie_ambience,raw\sound\vox\zmb\standard\amb\amb_02.LN55.pc.snd.wav,,loaded,bus_voice,grp_voice,snp_voice,,75,0,74,77,50,2250,2500,allon,default,allon,default,6,1,priority,reject,-300,300,30,60,0.25,1,3d,default,nonlooping,,1,0,0,0,0,0.75,no,yes,none,0,,no,,,yes,no,no,0,0,yes,yes,,0,,no,no,no
zmb_vocals_zombie_ambience,raw\sound\vox\zmb\standard\amb\amb_03.LN55.pc.snd.wav,,loaded,bus_voice,grp_voice,snp_voice,,75,0,74,77,50,2250,2500,allon,default,allon,default,6,1,priority,reject,-300,300,30,60,0.25,1,3d,default,nonlooping,,1,0,0,0,0,0.75,no,yes,none,0,,no,,,yes,no,no,0,0,yes,yes,,0,,no,no,no
zmb_vocals_zombie_ambience,raw\sound\vox\zmb\standard\amb\amb_04.LN55.pc.snd.wav,,loaded,bus_voice,grp_voice,snp_voice,,75,0,74,77,50,2250,2500,allon,default,allon,default,6,1,priority,reject,-300,300,30,60,0.25,1,3d,default,nonlooping,,1,0,0,0,0,0.75,no,yes,none,0,,no,,,yes,no,no,0,0,yes,yes,,0,,no,no,no
zmb_vocals_zombie_ambience,raw\sound\vox\zmb\standard\amb\amb_05.LN55.pc.snd.wav,,loaded,bus_voice,grp_voice,snp_voice,,75,0,74,77,50,2250,2500,allon,default,allon,default,6,1,priority,reject,-300,300,30,60,0.25,1,3d,default,nonlooping,,1,0,0,0,0,0.75,no,yes,none,0,,no,,,yes,no,no,0,0,yes,yes,,0,,no,no,no
zmb_vocals_zombie_ambience_loud,raw\sound\vox\zmb\standard\amb\amb_00.LN55.pc.snd.wav,,loaded,bus_voice,grp_voice,snp_voice,,75,0,84,88,75,3250,4000,allon,default,allon,default,6,1,priority,reject,-300,300,30,60,0.25,1,3d,default,nonlooping,,1,0,0,0,0,0.45,no,no,none,0,,no,,,yes,no,no,0,0,yes,yes,,0,,no,no,no
zmb_vocals_zombie_ambience_loud,raw\sound\vox\zmb\standard\amb\amb_01.LN55.pc.snd.wav,,loaded,bus_voice,grp_voice,snp_voice,,75,0,84,88,75,3250,4000,allon,default,allon,default,6,1,priority,reject,-300,300,30,60,0.25,1,3d,default,nonlooping,,1,0,0,0,0,0.45,no,no,none,0,,no,,,yes,no,no,0,0,yes,yes,,0,,no,no,no
zmb_vocals_zombie_ambience_loud,raw\sound\vox\zmb\standard\amb\amb_02.LN55.pc.snd.wav,,loaded,bus_voice,grp_voice,snp_voice,,75,0,84,88,75,3250,4000,allon,default,allon,default,6,1,priority,reject,-300,300,30,60,0.25,1,3d,default,nonlooping,,1,0,0,0,0,0.45,no,no,none,0,,no,,,yes,no,no,0,0,yes,yes,,0,,no,no,no
zmb_vocals_zombie_ambience_loud,raw\sound\vox\zmb\standard\amb\amb_03.LN55.pc.snd.wav,,loaded,bus_voice,grp_voice,snp_voice,,75,0,84,88,75,3250,4000,allon,default,allon,default,6,1,priority,reject,-300,300,30,60,0.25,1,3d,default,nonlooping,,1,0,0,0,0,0.45,no,no,none,0,,no,,,yes,no,no,0,0,yes,yes,,0,,no,no,no
zmb_vocals_zombie_ambience_loud,raw\sound\vox\zmb\standard\amb\amb_04.LN55.pc.snd.wav,,loaded,bus_voice,grp_voice,snp_voice,,75,0,84,88,75,3250,4000,allon,default,allon,default,6,1,priority,reject,-300,300,30,60,0.25,1,3d,default,nonlooping,,1,0,0,0,0,0.45,no,no,none,0,,no,,,yes,no,no,0,0,yes,yes,,0,,no,no,no
zmb_vocals_zombie_ambience_loud,raw\sound\vox\zmb\standard\amb\amb_05.LN55.pc.snd.wav,,loaded,bus_voice,grp_voice,snp_voice,,75,0,84,88,75,3250,4000,allon,default,allon,default,6,1,priority,reject,-300,300,30,60,0.25,1,3d,default,nonlooping,,1,0,0,0,0,0.45,no,no,none,0,,no,,,yes,no,no,0,0,yes,yes,,0,,no,no,no
zmb_attack_whoosh,raw\sound\fly\melee\zmb\swing\swing_00.LN55.pc.snd.wav,,loaded,bus_fx,grp_ambience,snp_ambience,,60,0,82,82,75,275,325,allon,default,allon,default,6,8,priority,oldest,-50,50,10,50,0,1,3d,default,nonlooping,,1,0,0,0,0,0.1,no,yes,none,0,,no,,,yes,no,no,0,0,yes,no,,0,,no,no,no
zmb_attack_whoosh,raw\sound\fly\melee\zmb\swing\swing_01.LN55.pc.snd.wav,,loaded,bus_fx,grp_ambience,snp_ambience,,60,0,82,82,75,275,325,allon,default,allon,default,6,8,priority,oldest,-50,50,10,50,0,1,3d,default,nonlooping,,1,0,0,0,0,0.1,no,yes,none,0,,no,,,yes,no,no,0,0,yes,no,,0,,no,no,no
zmb_attack_whoosh,raw\sound\fly\melee\zmb\swing\swing_02.LN55.pc.snd.wav,,loaded,bus_fx,grp_ambience,snp_ambience,,60,0,82,82,75,275,325,allon,default,allon,default,6,8,priority,oldest,-50,50,10,50,0,1,3d,default,nonlooping,,1,0,0,0,0,0.1,no,yes,none,0,,no,,,yes,no,no,0,0,yes,no,,0,,no,no,no
evt_laststand_in,raw\sound\chr\pain\pain_loops\new_pain\damage_out.LN65.pc.snd.wav,,loaded,bus_hdrfx,grp_hdrfx,snp_dying,@c51ddf6b,0,0,75,75,0,5000,5000,allon,default,allon,default,8,8,priority,oldest,0,0,100,100,0.25,1,2d,front_halfback,nonlooping,,1,0,0,0,0,0.25,no,yes,none,0,,no,,,yes,no,no,0,0,yes,no,,0,,no,no,no
evt_laststand_loop,raw\sound\evt\zombie_global\laststand\laststand_loop.SL65.pc.snd.flac,,streamed,bus_hdrfx,grp_hdrfx,snp_dying,@c51ddf6b,0,0,90,90,0,5000,5000,allon,default,allon,default,8,8,priority,oldest,0,0,100,100,0.25,1,2d,front_halfback,looping,,1,0,0,0,0,0.25,no,yes,none,0,,no,,,yes,no,no,0,0,yes,no,,0,,no,no,no
zmb_meteor_activate,raw\sound\evt\zombie_global\meteor\meteor_affirm.LN65.pc.snd.wav,,loaded,bus_hdrfx,grp_hdrfx,snp_hdrfx,,88,0,85,85,50,250,350,allon,default,allon,default,8,8,priority,oldest,0,0,95,100,0,1,2d,front,nonlooping,,1,0,0,0,0,0.45,no,yes,none,0,,no,,,yes,no,no,0,0,yes,no,,0,,no,no,no
zmb_meteor_loop,raw\sound\evt\zombie_global\meteor\meteor_loop.SL55.pc.snd.flac,,streamed,bus_fx,grp_ambience,snp_ambience,,60,0,74,74,50,250,275,allon,default,allon,default,7,8,priority,oldest,0,0,10,50,0,1,3d,default,looping,,1,0,0,0,0,0.1,no,yes,none,0,,no,,,no,no,no,0,0,yes,no,,0,,no,no,no
zmb_weap_wall,raw\sound\evt\zombie_global\weap_wall\buy\buy_00.LN55.pc.snd.wav,,loaded,bus_hdrfx,grp_hdrfx,snp_hdrfx,,60,0,90,90,125,1250,2000,allon,default,allon,default,3,8,oldest,oldest,0,0,40,60,0.25,1,3d,all,nonlooping,,1,0,0,0,0,0.1,no,yes,none,0,,no,,,yes,no,no,0,0,yes,no,,0,,no,no,no
zmb_whoosh,raw\sound\evt\zombie_global\box\whoosh\whoosh_00.LN55.pc.snd.wav,zmb_box_spin,loaded,bus_hdrfx,grp_hdrfx,snp_hdrfx,,60,0,94,94,250,1250,2000,allon,default,allon,default,1,8,oldest,oldest,-50,50,40,60,0.25,1,3d,default,nonlooping,,1,2450,25,125,97,0.1,no,yes,none,0,,no,,,yes,no,no,0,0,yes,no,,0,,no,no,no
zmb_vocals_zombie_attack,raw\sound\vox\zmb\standard\attack\attack_00.LN55.pc.snd.wav,,loaded,bus_voice,grp_voice,snp_voice,,72,0,77,79,75,500,750,allon,default,allon,default,5,1,priority,reject,-300,300,70,90,0.25,1,3d,default,nonlooping,,1,0,25,75,94,0.75,no,no,none,0,,no,,,yes,no,no,0,0,yes,yes,,0,,no,no,no
zmb_vocals_zombie_attack,raw\sound\vox\zmb\standard\attack\attack_01.LN55.pc.snd.wav,,loaded,bus_voice,grp_voice,snp_voice,,72,0,77,79,75,500,750,allon,default,allon,default,5,1,priority,reject,-300,300,70,90,0.25,1,3d,default,nonlooping,,1,0,25,75,94,0.75,no,no,none,0,,no,,,yes,no,no,0,0,yes,yes,,0,,no,no,no
zmb_vocals_zombie_attack,raw\sound\vox\zmb\standard\attack\attack_02.LN55.pc.snd.wav,,loaded,bus_voice,grp_voice,snp_voice,,72,0,77,79,75,500,750,allon,default,allon,default,5,1,priority,reject,-300,300,70,90,0.25,1,3d,default,nonlooping,,1,0,25,75,94,0.75,no,no,none,0,,no,,,yes,no,no,0,0,yes,yes,,0,,no,no,no
zmb_vocals_zombie_attack,raw\sound\vox\zmb\standard\attack\attack_03.LN55.pc.snd.wav,,loaded,bus_voice,grp_voice,snp_voice,,72,0,77,79,75,500,750,allon,default,allon,default,5,1,priority,reject,-300,300,70,90,0.25,1,3d,default,nonlooping,,1,0,25,75,94,0.75,no,no,none,0,,no,,,yes,no,no,0,0,yes,yes,,0,,no,no,no
zmb_vocals_zombie_attack,raw\sound\vox\zmb\standard\attack\attack_04.LN55.pc.snd.wav,,loaded,bus_voice,grp_voice,snp_voice,,72,0,77,79,75,500,750,allon,default,allon,default,5,1,priority,reject,-300,300,70,90,0.25,1,3d,default,nonlooping,,1,0,25,75,94,0.75,no,no,none,0,,no,,,yes,no,no,0,0,yes,yes,,0,,no,no,no
zmb_vocals_zombie_attack,raw\sound\vox\zmb\standard\attack\attack_05.LN55.pc.snd.wav,,loaded,bus_voice,grp_voice,snp_voice,,72,0,77,79,75,500,750,allon,default,allon,default,5,1,priority,reject,-300,300,70,90,0.25,1,3d,default,nonlooping,,1,0,25,75,94,0.75,no,no,none,0,,no,,,yes,no,no,0,0,yes,yes,,0,,no,no,no
zmb_vocals_zombie_attack,raw\sound\vox\zmb\standard\attack\attack_06.LN55.pc.snd.wav,,loaded,bus_voice,grp_voice,snp_voice,,72,0,77,79,75,500,750,allon,default,allon,default,5,1,priority,reject,-300,300,70,90,0.25,1,3d,default,nonlooping,,1,0,25,75,94,0.75,no,no,none,0,,no,,,yes,no,no,0,0,yes,yes,,0,,no,no,no
zmb_vocals_zombie_attack,raw\sound\vox\zmb\standard\attack\attack_07.LN55.pc.snd.wav,,loaded,bus_voice,grp_voice,snp_voice,,72,0,77,79,75,500,750,allon,default,allon,default,5,1,priority,reject,-300,300,70,90,0.25,1,3d,default,nonlooping,,1,0,25,75,94,0.75,no,no,none,0,,no,,,yes,no,no,0,0,yes,yes,,0,,no,no,no
zmb_vocals_zombie_attack,raw\sound\vox\zmb\standard\attack\attack_08.LN55.pc.snd.wav,,loaded,bus_voice,grp_voice,snp_voice,,72,0,77,79,75,500,750,allon,default,allon,default,5,1,priority,reject,-300,300,70,90,0.25,1,3d,default,nonlooping,,1,0,25,75,94,0.75,no,no,none,0,,no,,,yes,no,no,0,0,yes,yes,,0,,no,no,no
zmb_vocals_zombie_attack,raw\sound\vox\zmb\standard\attack\attack_09.LN55.pc.snd.wav,,loaded,bus_voice,grp_voice,snp_voice,,72,0,77,79,75,500,750,allon,default,allon,default,5,1,priority,reject,-300,300,70,90,0.25,1,3d,default,nonlooping,,1,0,25,75,94,0.75,no,no,none,0,,no,,,yes,no,no,0,0,yes,yes,,0,,no,no,no
zmb_vocals_zombie_attack,raw\sound\vox\zmb\standard\attack\attack_10.LN55.pc.snd.wav,,loaded,bus_voice,grp_voice,snp_voice,,72,0,77,79,75,500,750,allon,default,allon,default,5,1,priority,reject,-300,300,70,90,0.25,1,3d,default,nonlooping,,1,0,25,75,94,0.75,no,no,none,0,,no,,,yes,no,no,0,0,yes,yes,,0,,no,no,no
zmb_vocals_zombie_attack,raw\sound\vox\zmb\standard\attack\attack_11.LN55.pc.snd.wav,,loaded,bus_voice,grp_voice,snp_voice,,72,0,77,79,75,500,750,allon,default,allon,default,5,1,priority,reject,-300,300,70,90,0.25,1,3d,default,nonlooping,,1,0,25,75,94,0.75,no,no,none,0,,no,,,yes,no,no,0,0,yes,yes,,0,,no,no,no
zmb_vocals_zombie_attack,raw\sound\vox\zmb\standard\attack\attack_12.LN55.pc.snd.wav,,loaded,bus_voice,grp_voice,snp_voice,,72,0,77,79,75,500,750,allon,default,allon,default,5,1,priority,reject,-300,300,70,90,0.25,1,3d,default,nonlooping,,1,0,25,75,94,0.75,no,no,none,0,,no,,,yes,no,no,0,0,yes,yes,,0,,no,no,no
zmb_vocals_zombie_attack,raw\sound\vox\zmb\standard\attack\attack_13.LN55.pc.snd.wav,,loaded,bus_voice,grp_voice,snp_voice,,72,0,77,79,75,500,750,allon,default,allon,default,5,1,priority,reject,-300,300,70,90,0.25,1,3d,default,nonlooping,,1,0,25,75,94,0.75,no,no,none,0,,no,,,yes,no,no,0,0,yes,yes,,0,,no,no,no
zmb_vocals_zombie_attack,raw\sound\vox\zmb\standard\attack\attack_14.LN55.pc.snd.wav,,loaded,bus_voice,grp_voice,snp_voice,,72,0,77,79,75,500,750,allon,default,allon,default,5,1,priority,reject,-300,300,70,90,0.25,1,3d,default,nonlooping,,1,0,25,75,94,0.75,no,no,none,0,,no,,,yes,no,no,0,0,yes,yes,,0,,no,no,no
zmb_vocals_zombie_attack,raw\sound\vox\zmb\standard\attack\attack_15.LN55.pc.snd.wav,,loaded,bus_voice,grp_voice,snp_voice,,72,0,77,79,75,500,750,allon,default,allon,default,5,1,priority,reject,-300,300,70,90,0.25,1,3d,default,nonlooping,,1,0,25,75,94,0.75,no,no,none,0,,no,,,yes,no,no,0,0,yes,yes,,0,,no,no,no
zmb_vocals_zombie_behind,raw\sound\vox\zmb\standard\behind\behind_00.LN55.pc.snd.wav,,loaded,bus_fx,grp_voice,snp_ambience,,72,0,84,84,50,250,275,allon,default,allon,default,2,1,priority,reject,-300,300,70,90,0.25,1,3d,default,nonlooping,,1,0,25,75,90,0,no,no,none,0,,no,,,yes,no,no,0,0,yes,yes,,0,,no,no,no
zmb_vocals_zombie_behind,raw\sound\vox\zmb\standard\behind\behind_01.LN55.pc.snd.wav,,loaded,bus_fx,grp_voice,snp_ambience,,72,0,84,84,50,250,275,allon,default,allon,default,2,1,priority,reject,-300,300,70,90,0.25,1,3d,default,nonlooping,,1,0,25,75,90,0,no,no,none,0,,no,,,yes,no,no,0,0,yes,yes,,0,,no,no,no
zmb_vocals_zombie_behind,raw\sound\vox\zmb\standard\behind\behind_02.LN55.pc.snd.wav,,loaded,bus_fx,grp_voice,snp_ambience,,72,0,84,84,50,250,275,allon,default,allon,default,2,1,priority,reject,-300,300,70,90,0.25,1,3d,default,nonlooping,,1,0,25,75,90,0,no,no,none,0,,no,,,yes,no,no,0,0,yes,yes,,0,,no,no,no
zmb_vocals_zombie_behind,raw\sound\vox\zmb\standard\behind\behind_03.LN55.pc.snd.wav,,loaded,bus_fx,grp_voice,snp_ambience,,72,0,84,84,50,250,275,allon,default,allon,default,2,1,priority,reject,-300,300,70,90,0.25,1,3d,default,nonlooping,,1,0,25,75,90,0,no,no,none,0,,no,,,yes,no,no,0,0,yes,yes,,0,,no,no,no
zmb_vocals_zombie_behind,raw\sound\vox\zmb\standard\behind\behind_04.LN55.pc.snd.wav,,loaded,bus_fx,grp_voice,snp_ambience,,72,0,84,84,50,250,275,allon,default,allon,default,2,1,priority,reject,-300,300,70,90,0.25,1,3d,default,nonlooping,,1,0,25,75,90,0,no,no,none,0,,no,,,yes,no,no,0,0,yes,yes,,0,,no,no,no
zmb_vocals_zombie_crawler,raw\sound\vox\zmb\standard\crawl\crawl_00.LN55.pc.snd.wav,,loaded,bus_voice,grp_voice,snp_voice,,72,0,78,80,250,2250,2500,allon,default,allon,default,6,1,priority,reject,-300,300,30,60,0.25,1,3d,default,nonlooping,,1,0,0,0,0,0.75,no,no,none,0,,no,,,yes,no,no,0,0,yes,yes,,0,,no,no,no
zmb_vocals_zombie_crawler,raw\sound\vox\zmb\standard\crawl\crawl_01.LN55.pc.snd.wav,,loaded,bus_voice,grp_voice,snp_voice,,72,0,78,80,250,2250,2500,allon,default,allon,default,6,1,priority,reject,-300,300,30,60,0.25,1,3d,default,nonlooping,,1,0,0,0,0,0.75,no,no,none,0,,no,,,yes,no,no,0,0,yes,yes,,0,,no,no,no
zmb_vocals_zombie_crawler,raw\sound\vox\zmb\standard\crawl\crawl_02.LN55.pc.snd.wav,,loaded,bus_voice,grp_voice,snp_voice,,72,0,78,80,250,2250,2500,allon,default,allon,default,6,1,priority,reject,-300,300,30,60,0.25,1,3d,default,nonlooping,,1,0,0,0,0,0.75,no,no,none,0,,no,,,yes,no,no,0,0,yes,yes,,0,,no,no,no
zmb_vocals_zombie_crawler,raw\sound\vox\zmb\standard\crawl\crawl_03.LN55.pc.snd.wav,,loaded,bus_voice,grp_voice,snp_voice,,72,0,78,80,250,2250,2500,allon,default,allon,default,6,1,priority,reject,-300,300,30,60,0.25,1,3d,default,nonlooping,,1,0,0,0,0,0.75,no,no,none,0,,no,,,yes,no,no,0,0,yes,yes,,0,,no,no,no
zmb_vocals_zombie_crawler,raw\sound\vox\zmb\standard\crawl\crawl_04.LN55.pc.snd.wav,,loaded,bus_voice,grp_voice,snp_voice,,72,0,78,80,250,2250,2500,allon,default,allon,default,6,1,priority,reject,-300,300,30,60,0.25,1,3d,default,nonlooping,,1,0,0,0,0,0.75,no,no,none,0,,no,,,yes,no,no,0,0,yes,yes,,0,,no,no,no
zmb_vocals_zombie_crawler,raw\sound\vox\zmb\standard\crawl\crawl_05.LN55.pc.snd.wav,,loaded,bus_voice,grp_voice,snp_voice,,72,0,78,80,250,2250,2500,allon,default,allon,default,6,1,priority,reject,-300,300,30,60,0.25,1,3d,default,nonlooping,,1,0,0,0,0,0.75,no,no,none,0,,no,,,yes,no,no,0,0,yes,yes,,0,,no,no,no
zmb_vocals_zombie_crawler_loud,raw\sound\vox\zmb\standard\crawl\crawl_00.LN55.pc.snd.wav,,loaded,bus_voice,grp_voice,snp_voice,,75,0,84,88,75,3250,4000,allon,default,allon,default,6,1,priority,reject,-300,300,30,60,0.25,1,3d,default,nonlooping,,1,0,0,0,0,0.45,no,no,none,0,,no,,,yes,no,no,0,0,yes,yes,,0,,no,no,no
zmb_vocals_zombie_crawler_loud,raw\sound\vox\zmb\standard\crawl\crawl_01.LN55.pc.snd.wav,,loaded,bus_voice,grp_voice,snp_voice,,75,0,84,88,75,3250,4000,allon,default,allon,default,6,1,priority,reject,-300,300,30,60,0.25,1,3d,default,nonlooping,,1,0,0,0,0,0.45,no,no,none,0,,no,,,yes,no,no,0,0,yes,yes,,0,,no,no,no
zmb_vocals_zombie_crawler_loud,raw\sound\vox\zmb\standard\crawl\crawl_02.LN55.pc.snd.wav,,loaded,bus_voice,grp_voice,snp_voice,,75,0,84,88,75,3250,4000,allon,default,allon,default,6,1,priority,reject,-300,300,30,60,0.25,1,3d,default,nonlooping,,1,0,0,0,0,0.45,no,no,none,0,,no,,,yes,no,no,0,0,yes,yes,,0,,no,no,no
zmb_vocals_zombie_crawler_loud,raw\sound\vox\zmb\standard\crawl\crawl_03.LN55.pc.snd.wav,,loaded,bus_voice,grp_voice,snp_voice,,75,0,84,88,75,3250,4000,allon,default,allon,default,6,1,priority,reject,-300,300,30,60,0.25,1,3d,default,nonlooping,,1,0,0,0,0,0.45,no,no,none,0,,no,,,yes,no,no,0,0,yes,yes,,0,,no,no,no
zmb_vocals_zombie_crawler_loud,raw\sound\vox\zmb\standard\crawl\crawl_04.LN55.pc.snd.wav,,loaded,bus_voice,grp_voice,snp_voice,,75,0,84,88,75,3250,4000,allon,default,allon,default,6,1,priority,reject,-300,300,30,60,0.25,1,3d,default,nonlooping,,1,0,0,0,0,0.45,no,no,none,0,,no,,,yes,no,no,0,0,yes,yes,,0,,no,no,no
zmb_vocals_zombie_crawler_loud,raw\sound\vox\zmb\standard\crawl\crawl_05.LN55.pc.snd.wav,,loaded,bus_voice,grp_voice,snp_voice,,75,0,84,88,75,3250,4000,allon,default,allon,default,6,1,priority,reject,-300,300,30,60,0.25,1,3d,default,nonlooping,,1,0,0,0,0,0.45,no,no,none,0,,no,,,yes,no,no,0,0,yes,yes,,0,,no,no,no
zmb_vocals_zombie_death,raw\sound\vox\zmb\standard\death\death_00.LN55.pc.snd.wav,,loaded,bus_voice,grp_voice,snp_voice,,72,0,79,82,75,500,750,allon,default,allon,default,6,1,priority,reject,-300,300,30,60,0.25,1,3d,default,nonlooping,,1,0,0,0,0,0.75,no,no,none,0,,no,,,yes,no,no,0,0,yes,no,,0,,no,no,no
zmb_vocals_zombie_death,raw\sound\vox\zmb\standard\death\death_01.LN55.pc.snd.wav,,loaded,bus_voice,grp_voice,snp_voice,,72,0,79,82,75,500,750,allon,default,allon,default,6,1,priority,reject,-300,300,30,60,0.25,1,3d,default,nonlooping,,1,0,0,0,0,0.75,no,no,none,0,,no,,,yes,no,no,0,0,yes,no,,0,,no,no,no
zmb_vocals_zombie_death,raw\sound\vox\zmb\standard\death\death_02.LN55.pc.snd.wav,,loaded,bus_voice,grp_voice,snp_voice,,72,0,79,82,75,500,750,allon,default,allon,default,6,1,priority,reject,-300,300,30,60,0.25,1,3d,default,nonlooping,,1,0,0,0,0,0.75,no,no,none,0,,no,,,yes,no,no,0,0,yes,no,,0,,no,no,no
zmb_vocals_zombie_death,raw\sound\vox\zmb\standard\death\death_03.LN55.pc.snd.wav,,loaded,bus_voice,grp_voice,snp_voice,,72,0,79,82,75,500,750,allon,default,allon,default,6,1,priority,reject,-300,300,30,60,0.25,1,3d,default,nonlooping,,1,0,0,0,0,0.75,no,no,none,0,,no,,,yes,no,no,0,0,yes,no,,0,,no,no,no
zmb_vocals_zombie_death,raw\sound\vox\zmb\standard\death\death_04.LN55.pc.snd.wav,,loaded,bus_voice,grp_voice,snp_voice,,72,0,79,82,75,500,750,allon,default,allon,default,6,1,priority,reject,-300,300,30,60,0.25,1,3d,default,nonlooping,,1,0,0,0,0,0.75,no,no,none,0,,no,,,yes,no,no,0,0,yes,no,,0,,no,no,no
zmb_vocals_zombie_death,raw\sound\vox\zmb\standard\death\death_05.LN55.pc.snd.wav,,loaded,bus_voice,grp_voice,snp_voice,,72,0,79,82,75,500,750,allon,default,allon,default,6,1,priority,reject,-300,300,30,60,0.25,1,3d,default,nonlooping,,1,0,0,0,0,0.75,no,no,none,0,,no,,,yes,no,no,0,0,yes,no,,0,,no,no,no
zmb_vocals_zombie_death,raw\sound\vox\zmb\standard\death\death_06.LN55.pc.snd.wav,,loaded,bus_voice,grp_voice,snp_voice,,72,0,79,82,75,500,750,allon,default,allon,default,6,1,priority,reject,-300,300,30,60,0.25,1,3d,default,nonlooping,,1,0,0,0,0,0.75,no,no,none,0,,no,,,yes,no,no,0,0,yes,no,,0,,no,no,no
zmb_vocals_zombie_death,raw\sound\vox\zmb\standard\death\death_07.LN55.pc.snd.wav,,loaded,bus_voice,grp_voice,snp_voice,,72,0,79,82,75,500,750,allon,default,allon,default,6,1,priority,reject,-300,300,30,60,0.25,1,3d,default,nonlooping,,1,0,0,0,0,0.75,no,no,none,0,,no,,,yes,no,no,0,0,yes,no,,0,,no,no,no
zmb_vocals_zombie_death,raw\sound\vox\zmb\standard\death\death_08.LN55.pc.snd.wav,,loaded,bus_voice,grp_voice,snp_voice,,72,0,79,82,75,500,750,allon,default,allon,default,6,1,priority,reject,-300,300,30,60,0.25,1,3d,default,nonlooping,,1,0,0,0,0,0.75,no,no,none,0,,no,,,yes,no,no,0,0,yes,no,,0,,no,no,no
zmb_vocals_zombie_death,raw\sound\vox\zmb\standard\death\death_09.LN55.pc.snd.wav,,loaded,bus_voice,grp_voice,snp_voice,,72,0,79,82,75,500,750,allon,default,allon,default,6,1,priority,reject,-300,300,30,60,0.25,1,3d,default,nonlooping,,1,0,0,0,0,0.75,no,no,none,0,,no,,,yes,no,no,0,0,yes,no,,0,,no,no,no
zmb_vocals_zombie_death,raw\sound\vox\zmb\standard\death\death_10.LN55.pc.snd.wav,,loaded,bus_voice,grp_voice,snp_voice,,72,0,79,82,75,500,750,allon,default,allon,default,6,1,priority,reject,-300,300,30,60,0.25,1,3d,default,nonlooping,,1,0,0,0,0,0.75,no,no,none,0,,no,,,yes,no,no,0,0,yes,no,,0,,no,no,no
zmb_vocals_zombie_sprint,raw\sound\vox\zmb\standard\sprint\sprint_00.LN55.pc.snd.wav,,loaded,bus_voice,grp_voice,snp_voice,,75,0,74,77,25,1500,1750,allon,default,allon,default,3,1,priority,reject,-300,300,30,60,0.25,1,3d,default,nonlooping,,1,0,25,75,98,0.5,no,no,none,0,,no,,,yes,no,no,0,0,yes,yes,,0,,no,no,no
zmb_vocals_zombie_sprint,raw\sound\vox\zmb\standard\sprint\sprint_01.LN55.pc.snd.wav,,loaded,bus_voice,grp_voice,snp_voice,,75,0,74,77,25,1500,1750,allon,default,allon,default,3,1,priority,reject,-300,300,30,60,0.25,1,3d,default,nonlooping,,1,0,25,75,98,0.5,no,no,none,0,,no,,,yes,no,no,0,0,yes,yes,,0,,no,no,no
zmb_vocals_zombie_sprint,raw\sound\vox\zmb\standard\sprint\sprint_02.LN55.pc.snd.wav,,loaded,bus_voice,grp_voice,snp_voice,,75,0,74,77,25,1500,1750,allon,default,allon,default,3,1,priority,reject,-300,300,30,60,0.25,1,3d,default,nonlooping,,1,0,25,75,98,0.5,no,no,none,0,,no,,,yes,no,no,0,0,yes,yes,,0,,no,no,no
zmb_vocals_zombie_sprint,raw\sound\vox\zmb\standard\sprint\sprint_03.LN55.pc.snd.wav,,loaded,bus_voice,grp_voice,snp_voice,,75,0,74,77,25,1500,1750,allon,default,allon,default,3,1,priority,reject,-300,300,30,60,0.25,1,3d,default,nonlooping,,1,0,25,75,98,0.5,no,no,none,0,,no,,,yes,no,no,0,0,yes,yes,,0,,no,no,no
zmb_vocals_zombie_sprint,raw\sound\vox\zmb\standard\sprint\sprint_04.LN55.pc.snd.wav,,loaded,bus_voice,grp_voice,snp_voice,,75,0,74,77,25,1500,1750,allon,default,allon,default,3,1,priority,reject,-300,300,30,60,0.25,1,3d,default,nonlooping,,1,0,25,75,98,0.5,no,no,none,0,,no,,,yes,no,no,0,0,yes,yes,,0,,no,no,no
zmb_vocals_zombie_sprint,raw\sound\vox\zmb\standard\sprint\sprint_05.LN55.pc.snd.wav,,loaded,bus_voice,grp_voice,snp_voice,,75,0,74,77,25,1500,1750,allon,default,allon,default,3,1,priority,reject,-300,300,30,60,0.25,1,3d,default,nonlooping,,1,0,25,75,98,0.5,no,no,none,0,,no,,,yes,no,no,0,0,yes,yes,,0,,no,no,no
zmb_vocals_zombie_sprint,raw\sound\vox\zmb\standard\sprint\sprint_06.LN55.pc.snd.wav,,loaded,bus_voice,grp_voice,snp_voice,,75,0,74,77,25,1500,1750,allon,default,allon,default,3,1,priority,reject,-300,300,30,60,0.25,1,3d,default,nonlooping,,1,0,25,75,98,0.5,no,no,none,0,,no,,,yes,no,no,0,0,yes,yes,,0,,no,no,no
zmb_vocals_zombie_sprint,raw\sound\vox\zmb\standard\sprint\sprint_07.LN55.pc.snd.wav,,loaded,bus_voice,grp_voice,snp_voice,,75,0,74,77,25,1500,1750,allon,default,allon,default,3,1,priority,reject,-300,300,30,60,0.25,1,3d,default,nonlooping,,1,0,25,75,98,0.5,no,no,none,0,,no,,,yes,no,no,0,0,yes,yes,,0,,no,no,no
zmb_vocals_zombie_sprint,raw\sound\vox\zmb\standard\sprint\sprint_08.LN55.pc.snd.wav,,loaded,bus_voice,grp_voice,snp_voice,,75,0,74,77,25,1500,1750,allon,default,allon,default,3,1,priority,reject,-300,300,30,60,0.25,1,3d,default,nonlooping,,1,0,25,75,98,0.5,no,no,none,0,,no,,,yes,no,no,0,0,yes,yes,,0,,no,no,no
zmb_vocals_zombie_sprint_loud,raw\sound\vox\zmb\standard\sprint\sprint_00.LN55.pc.snd.wav,,loaded,bus_voice,grp_voice,snp_voice,,75,0,84,88,75,3250,4000,allon,default,allon,default,3,1,priority,reject,-300,300,30,60,0.25,1,3d,default,nonlooping,,1,0,25,75,98,0.3,no,no,none,0,,no,,,yes,no,no,0,0,yes,yes,,0,,no,no,no
zmb_vocals_zombie_sprint_loud,raw\sound\vox\zmb\standard\sprint\sprint_01.LN55.pc.snd.wav,,loaded,bus_voice,grp_voice,snp_voice,,75,0,84,88,75,3250,4000,allon,default,allon,default,3,1,priority,reject,-300,300,30,60,0.25,1,3d,default,nonlooping,,1,0,25,75,98,0.3,no,no,none,0,,no,,,yes,no,no,0,0,yes,yes,,0,,no,no,no
zmb_vocals_zombie_sprint_loud,raw\sound\vox\zmb\standard\sprint\sprint_02.LN55.pc.snd.wav,,loaded,bus_voice,grp_voice,snp_voice,,75,0,84,88,75,3250,4000,allon,default,allon,default,3,1,priority,reject,-300,300,30,60,0.25,1,3d,default,nonlooping,,1,0,25,75,98,0.3,no,no,none,0,,no,,,yes,no,no,0,0,yes,yes,,0,,no,no,no
zmb_vocals_zombie_sprint_loud,raw\sound\vox\zmb\standard\sprint\sprint_03.LN55.pc.snd.wav,,loaded,bus_voice,grp_voice,snp_voice,,75,0,84,88,75,3250,4000,allon,default,allon,default,3,1,priority,reject,-300,300,30,60,0.25,1,3d,default,nonlooping,,1,0,25,75,98,0.3,no,no,none,0,,no,,,yes,no,no,0,0,yes,yes,,0,,no,no,no
zmb_vocals_zombie_sprint_loud,raw\sound\vox\zmb\standard\sprint\sprint_04.LN55.pc.snd.wav,,loaded,bus_voice,grp_voice,snp_voice,,75,0,84,88,75,3250,4000,allon,default,allon,default,3,1,priority,reject,-300,300,30,60,0.25,1,3d,default,nonlooping,,1,0,25,75,98,0.3,no,no,none,0,,no,,,yes,no,no,0,0,yes,yes,,0,,no,no,no
zmb_vocals_zombie_sprint_loud,raw\sound\vox\zmb\standard\sprint\sprint_05.LN55.pc.snd.wav,,loaded,bus_voice,grp_voice,snp_voice,,75,0,84,88,75,3250,4000,allon,default,allon,default,3,1,priority,reject,-300,300,30,60,0.25,1,3d,default,nonlooping,,1,0,25,75,98,0.3,no,no,none,0,,no,,,yes,no,no,0,0,yes,yes,,0,,no,no,no
zmb_vocals_zombie_sprint_loud,raw\sound\vox\zmb\standard\sprint\sprint_06.LN55.pc.snd.wav,,loaded,bus_voice,grp_voice,snp_voice,,75,0,84,88,75,3250,4000,allon,default,allon,default,3,1,priority,reject,-300,300,30,60,0.25,1,3d,default,nonlooping,,1,0,25,75,98,0.3,no,no,none,0,,no,,,yes,no,no,0,0,yes,yes,,0,,no,no,no
zmb_vocals_zombie_sprint_loud,raw\sound\vox\zmb\standard\sprint\sprint_07.LN55.pc.snd.wav,,loaded,bus_voice,grp_voice,snp_voice,,75,0,84,88,75,3250,4000,allon,default,allon,default,3,1,priority,reject,-300,300,30,60,0.25,1,3d,default,nonlooping,,1,0,25,75,98,0.3,no,no,none,0,,no,,,yes,no,no,0,0,yes,yes,,0,,no,no,no
zmb_vocals_zombie_sprint_loud,raw\sound\vox\zmb\standard\sprint\sprint_08.LN55.pc.snd.wav,,loaded,bus_voice,grp_voice,snp_voice,,75,0,84,88,75,3250,4000,allon,default,allon,default,3,1,priority,reject,-300,300,30,60,0.25,1,3d,default,nonlooping,,1,0,25,75,98,0.3,no,no,none,0,,no,,,yes,no,no,0,0,yes,yes,,0,,no,no,no
zmb_vocals_zombie_taunt,raw\sound\vox\zmb\standard\taunt\taunt_00.LN55.pc.snd.wav,,loaded,bus_voice,grp_voice,snp_voice,,72,0,78,81,25,500,600,allon,default,allon,default,3,1,priority,reject,-300,300,30,60,0.25,1,3d,default,nonlooping,,1,0,0,0,0,0.75,no,no,none,0,,no,,,yes,no,no,0,0,yes,yes,,0,,no,no,no
zmb_vocals_zombie_taunt,raw\sound\vox\zmb\standard\taunt\taunt_01.LN55.pc.snd.wav,,loaded,bus_voice,grp_voice,snp_voice,,72,0,78,81,25,500,600,allon,default,allon,default,3,1,priority,reject,-300,300,30,60,0.25,1,3d,default,nonlooping,,1,0,0,0,0,0.75,no,no,none,0,,no,,,yes,no,no,0,0,yes,yes,,0,,no,no,no
zmb_vocals_zombie_taunt,raw\sound\vox\zmb\standard\taunt\taunt_02.LN55.pc.snd.wav,,loaded,bus_voice,grp_voice,snp_voice,,72,0,78,81,25,500,600,allon,default,allon,default,3,1,priority,reject,-300,300,30,60,0.25,1,3d,default,nonlooping,,1,0,0,0,0,0.75,no,no,none,0,,no,,,yes,no,no,0,0,yes,yes,,0,,no,no,no
zmb_vocals_zombie_taunt,raw\sound\vox\zmb\standard\taunt\taunt_03.LN55.pc.snd.wav,,loaded,bus_voice,grp_voice,snp_voice,,72,0,78,81,25,500,600,allon,default,allon,default,3,1,priority,reject,-300,300,30,60,0.25,1,3d,default,nonlooping,,1,0,0,0,0,0.75,no,no,none,0,,no,,,yes,no,no,0,0,yes,yes,,0,,no,no,no
zmb_vocals_zombie_taunt,raw\sound\vox\zmb\standard\taunt\taunt_04.LN55.pc.snd.wav,,loaded,bus_voice,grp_voice,snp_voice,,72,0,78,81,25,500,600,allon,default,allon,default,3,1,priority,reject,-300,300,30,60,0.25,1,3d,default,nonlooping,,1,0,0,0,0,0.75,no,no,none,0,,no,,,yes,no,no,0,0,yes,yes,,0,,no,no,no
zmb_vocals_zombie_taunt,raw\sound\vox\zmb\standard\taunt\taunt_05.LN55.pc.snd.wav,,loaded,bus_voice,grp_voice,snp_voice,,72,0,78,81,25,500,600,allon,default,allon,default,3,1,priority,reject,-300,300,30,60,0.25,1,3d,default,nonlooping,,1,0,0,0,0,0.75,no,no,none,0,,no,,,yes,no,no,0,0,yes,yes,,0,,no,no,no
zmb_vocals_zombie_taunt,raw\sound\vox\zmb\standard\taunt\taunt_06.LN55.pc.snd.wav,,loaded,bus_voice,grp_voice,snp_voice,,72,0,78,81,25,500,600,allon,default,allon,default,3,1,priority,reject,-300,300,30,60,0.25,1,3d,default,nonlooping,,1,0,0,0,0,0.75,no,no,none,0,,no,,,yes,no,no,0,0,yes,yes,,0,,no,no,no
zmb_vocals_zombie_teardown,raw\sound\vox\zmb\standard\attack\attack_00.LN55.pc.snd.wav,,loaded,bus_voice,grp_voice,snp_voice,,72,0,74,77,25,1000,1075,allon,default,allon,default,5,1,priority,reject,-300,300,70,90,0.25,1,3d,default,nonlooping,,1,0,0,0,0,0.75,no,no,none,0,,no,,,yes,no,no,0,0,yes,yes,,0,,no,no,no
zmb_vocals_zombie_teardown,raw\sound\vox\zmb\standard\attack\attack_01.LN55.pc.snd.wav,,loaded,bus_voice,grp_voice,snp_voice,,72,0,74,77,25,1000,1075,allon,default,allon,default,5,1,priority,reject,-300,300,70,90,0.25,1,3d,default,nonlooping,,1,0,0,0,0,0.75,no,no,none,0,,no,,,yes,no,no,0,0,yes,yes,,0,,no,no,no
zmb_vocals_zombie_teardown,raw\sound\vox\zmb\standard\attack\attack_02.LN55.pc.snd.wav,,loaded,bus_voice,grp_voice,snp_voice,,72,0,74,77,25,1000,1075,allon,default,allon,default,5,1,priority,reject,-300,300,70,90,0.25,1,3d,default,nonlooping,,1,0,0,0,0,0.75,no,no,none,0,,no,,,yes,no,no,0,0,yes,yes,,0,,no,no,no
zmb_vocals_zombie_teardown,raw\sound\vox\zmb\standard\attack\attack_03.LN55.pc.snd.wav,,loaded,bus_voice,grp_voice,snp_voice,,72,0,74,77,25,1000,1075,allon,default,allon,default,5,1,priority,reject,-300,300,70,90,0.25,1,3d,default,nonlooping,,1,0,0,0,0,0.75,no,no,none,0,,no,,,yes,no,no,0,0,yes,yes,,0,,no,no,no
zmb_vocals_zombie_teardown,raw\sound\vox\zmb\standard\attack\attack_04.LN55.pc.snd.wav,,loaded,bus_voice,grp_voice,snp_voice,,72,0,74,77,25,1000,1075,allon,default,allon,default,5,1,priority,reject,-300,300,70,90,0.25,1,3d,default,nonlooping,,1,0,0,0,0,0.75,no,no,none,0,,no,,,yes,no,no,0,0,yes,yes,,0,,no,no,no
zmb_vocals_zombie_teardown,raw\sound\vox\zmb\standard\attack\attack_05.LN55.pc.snd.wav,,loaded,bus_voice,grp_voice,snp_voice,,72,0,74,77,25,1000,1075,allon,default,allon,default,5,1,priority,reject,-300,300,70,90,0.25,1,3d,default,nonlooping,,1,0,0,0,0,0.75,no,no,none,0,,no,,,yes,no,no,0,0,yes,yes,,0,,no,no,no
zmb_vocals_zombie_teardown,raw\sound\vox\zmb\standard\attack\attack_06.LN55.pc.snd.wav,,loaded,bus_voice,grp_voice,snp_voice,,72,0,74,77,25,1000,1075,allon,default,allon,default,5,1,priority,reject,-300,300,70,90,0.25,1,3d,default,nonlooping,,1,0,0,0,0,0.75,no,no,none,0,,no,,,yes,no,no,0,0,yes,yes,,0,,no,no,no
zmb_vocals_zombie_teardown,raw\sound\vox\zmb\standard\attack\attack_07.LN55.pc.snd.wav,,loaded,bus_voice,grp_voice,snp_voice,,72,0,74,77,25,1000,1075,allon,default,allon,default,5,1,priority,reject,-300,300,70,90,0.25,1,3d,default,nonlooping,,1,0,0,0,0,0.75,no,no,none,0,,no,,,yes,no,no,0,0,yes,yes,,0,,no,no,no
zmb_vocals_zombie_teardown,raw\sound\vox\zmb\standard\attack\attack_08.LN55.pc.snd.wav,,loaded,bus_voice,grp_voice,snp_voice,,72,0,74,77,25,1000,1075,allon,default,allon,default,5,1,priority,reject,-300,300,70,90,0.25,1,3d,default,nonlooping,,1,0,0,0,0,0.75,no,no,none,0,,no,,,yes,no,no,0,0,yes,yes,,0,,no,no,no
zmb_vocals_zombie_teardown,raw\sound\vox\zmb\standard\attack\attack_09.LN55.pc.snd.wav,,loaded,bus_voice,grp_voice,snp_voice,,72,0,74,77,25,1000,1075,allon,default,allon,default,5,1,priority,reject,-300,300,70,90,0.25,1,3d,default,nonlooping,,1,0,0,0,0,0.75,no,no,none,0,,no,,,yes,no,no,0,0,yes,yes,,0,,no,no,no
zmb_vocals_zombie_teardown,raw\sound\vox\zmb\standard\attack\attack_10.LN55.pc.snd.wav,,loaded,bus_voice,grp_voice,snp_voice,,72,0,74,77,25,1000,1075,allon,default,allon,default,5,1,priority,reject,-300,300,70,90,0.25,1,3d,default,nonlooping,,1,0,0,0,0,0.75,no,no,none,0,,no,,,yes,no,no,0,0,yes,yes,,0,,no,no,no
zmb_vocals_zombie_teardown,raw\sound\vox\zmb\standard\attack\attack_11.LN55.pc.snd.wav,,loaded,bus_voice,grp_voice,snp_voice,,72,0,74,77,25,1000,1075,allon,default,allon,default,5,1,priority,reject,-300,300,70,90,0.25,1,3d,default,nonlooping,,1,0,0,0,0,0.75,no,no,none,0,,no,,,yes,no,no,0,0,yes,yes,,0,,no,no,no
zmb_vocals_zombie_teardown,raw\sound\vox\zmb\standard\attack\attack_12.LN55.pc.snd.wav,,loaded,bus_voice,grp_voice,snp_voice,,72,0,74,77,25,1000,1075,allon,default,allon,default,5,1,priority,reject,-300,300,70,90,0.25,1,3d,default,nonlooping,,1,0,0,0,0,0.75,no,no,none,0,,no,,,yes,no,no,0,0,yes,yes,,0,,no,no,no
zmb_vocals_zombie_teardown,raw\sound\vox\zmb\standard\attack\attack_13.LN55.pc.snd.wav,,loaded,bus_voice,grp_voice,snp_voice,,72,0,74,77,25,1000,1075,allon,default,allon,default,5,1,priority,reject,-300,300,70,90,0.25,1,3d,default,nonlooping,,1,0,0,0,0,0.75,no,no,none,0,,no,,,yes,no,no,0,0,yes,yes,,0,,no,no,no
zmb_vocals_zombie_teardown,raw\sound\vox\zmb\standard\attack\attack_14.LN55.pc.snd.wav,,loaded,bus_voice,grp_voice,snp_voice,,72,0,74,77,25,1000,1075,allon,default,allon,default,5,1,priority,reject,-300,300,70,90,0.25,1,3d,default,nonlooping,,1,0,0,0,0,0.75,no,no,none,0,,no,,,yes,no,no,0,0,yes,yes,,0,,no,no,no
zmb_vocals_zombie_teardown,raw\sound\vox\zmb\standard\attack\attack_15.LN55.pc.snd.wav,,loaded,bus_voice,grp_voice,snp_voice,,72,0,74,77,25,1000,1075,allon,default,allon,default,5,1,priority,reject,-300,300,70,90,0.25,1,3d,default,nonlooping,,1,0,0,0,0,0.75,no,no,none,0,,no,,,yes,no,no,0,0,yes,yes,,0,,no,no,no
zmb_vocals_zombie_teardown_loud,raw\sound\vox\zmb\standard\attack\attack_00.LN55.pc.snd.wav,,loaded,bus_voice,grp_voice,snp_voice,,75,0,84,88,75,3250,4000,allon,default,allon,default,5,1,priority,reject,-300,300,70,90,0.25,1,3d,default,nonlooping,,1,0,0,0,0,0.45,no,no,none,0,,no,,,yes,no,no,0,0,yes,yes,,0,,no,no,no
zmb_vocals_zombie_teardown_loud,raw\sound\vox\zmb\standard\attack\attack_01.LN55.pc.snd.wav,,loaded,bus_voice,grp_voice,snp_voice,,75,0,84,88,75,3250,4000,allon,default,allon,default,5,1,priority,reject,-300,300,70,90,0.25,1,3d,default,nonlooping,,1,0,0,0,0,0.45,no,no,none,0,,no,,,yes,no,no,0,0,yes,yes,,0,,no,no,no
zmb_vocals_zombie_teardown_loud,raw\sound\vox\zmb\standard\attack\attack_02.LN55.pc.snd.wav,,loaded,bus_voice,grp_voice,snp_voice,,75,0,84,88,75,3250,4000,allon,default,allon,default,5,1,priority,reject,-300,300,70,90,0.25,1,3d,default,nonlooping,,1,0,0,0,0,0.45,no,no,none,0,,no,,,yes,no,no,0,0,yes,yes,,0,,no,no,no
zmb_vocals_zombie_teardown_loud,raw\sound\vox\zmb\standard\attack\attack_03.LN55.pc.snd.wav,,loaded,bus_voice,grp_voice,snp_voice,,75,0,84,88,75,3250,4000,allon,default,allon,default,5,1,priority,reject,-300,300,70,90,0.25,1,3d,default,nonlooping,,1,0,0,0,0,0.45,no,no,none,0,,no,,,yes,no,no,0,0,yes,yes,,0,,no,no,no
zmb_vocals_zombie_teardown_loud,raw\sound\vox\zmb\standard\attack\attack_04.LN55.pc.snd.wav,,loaded,bus_voice,grp_voice,snp_voice,,75,0,84,88,75,3250,4000,allon,default,allon,default,5,1,priority,reject,-300,300,70,90,0.25,1,3d,default,nonlooping,,1,0,0,0,0,0.45,no,no,none,0,,no,,,yes,no,no,0,0,yes,yes,,0,,no,no,no
zmb_vocals_zombie_teardown_loud,raw\sound\vox\zmb\standard\attack\attack_05.LN55.pc.snd.wav,,loaded,bus_voice,grp_voice,snp_voice,,75,0,84,88,75,3250,4000,allon,default,allon,default,5,1,priority,reject,-300,300,70,90,0.25,1,3d,default,nonlooping,,1,0,0,0,0,0.45,no,no,none,0,,no,,,yes,no,no,0,0,yes,yes,,0,,no,no,no
zmb_vocals_zombie_teardown_loud,raw\sound\vox\zmb\standard\attack\attack_06.LN55.pc.snd.wav,,loaded,bus_voice,grp_voice,snp_voice,,75,0,84,88,75,3250,4000,allon,default,allon,default,5,1,priority,reject,-300,300,70,90,0.25,1,3d,default,nonlooping,,1,0,0,0,0,0.45,no,no,none,0,,no,,,yes,no,no,0,0,yes,yes,,0,,no,no,no
zmb_vocals_zombie_teardown_loud,raw\sound\vox\zmb\standard\attack\attack_07.LN55.pc.snd.wav,,loaded,bus_voice,grp_voice,snp_voice,,75,0,84,88,75,3250,4000,allon,default,allon,default,5,1,priority,reject,-300,300,70,90,0.25,1,3d,default,nonlooping,,1,0,0,0,0,0.45,no,no,none,0,,no,,,yes,no,no,0,0,yes,yes,,0,,no,no,no
zmb_vocals_zombie_teardown_loud,raw\sound\vox\zmb\standard\attack\attack_08.LN55.pc.snd.wav,,loaded,bus_voice,grp_voice,snp_voice,,75,0,84,88,75,3250,4000,allon,default,allon,default,5,1,priority,reject,-300,300,70,90,0.25,1,3d,default,nonlooping,,1,0,0,0,0,0.45,no,no,none,0,,no,,,yes,no,no,0,0,yes,yes,,0,,no,no,no
zmb_vocals_zombie_teardown_loud,raw\sound\vox\zmb\standard\attack\attack_09.LN55.pc.snd.wav,,loaded,bus_voice,grp_voice,snp_voice,,75,0,84,88,75,3250,4000,allon,default,allon,default,5,1,priority,reject,-300,300,70,90,0.25,1,3d,default,nonlooping,,1,0,0,0,0,0.45,no,no,none,0,,no,,,yes,no,no,0,0,yes,yes,,0,,no,no,no
zmb_vocals_zombie_teardown_loud,raw\sound\vox\zmb\standard\attack\attack_10.LN55.pc.snd.wav,,loaded,bus_voice,grp_voice,snp_voice,,75,0,84,88,75,3250,4000,allon,default,allon,default,5,1,priority,reject,-300,300,70,90,0.25,1,3d,default,nonlooping,,1,0,0,0,0,0.45,no,no,none,0,,no,,,yes,no,no,0,0,yes,yes,,0,,no,no,no
zmb_vocals_zombie_teardown_loud,raw\sound\vox\zmb\standard\attack\attack_11.LN55.pc.snd.wav,,loaded,bus_voice,grp_voice,snp_voice,,75,0,84,88,75,3250,4000,allon,default,allon,default,5,1,priority,reject,-300,300,70,90,0.25,1,3d,default,nonlooping,,1,0,0,0,0,0.45,no,no,none,0,,no,,,yes,no,no,0,0,yes,yes,,0,,no,no,no
zmb_vocals_zombie_teardown_loud,raw\sound\vox\zmb\standard\attack\attack_12.LN55.pc.snd.wav,,loaded,bus_voice,grp_voice,snp_voice,,75,0,84,88,75,3250,4000,allon,default,allon,default,5,1,priority,reject,-300,300,70,90,0.25,1,3d,default,nonlooping,,1,0,0,0,0,0.45,no,no,none,0,,no,,,yes,no,no,0,0,yes,yes,,0,,no,no,no
zmb_vocals_zombie_teardown_loud,raw\sound\vox\zmb\standard\attack\attack_13.LN55.pc.snd.wav,,loaded,bus_voice,grp_voice,snp_voice,,75,0,84,88,75,3250,4000,allon,default,allon,default,5,1,priority,reject,-300,300,70,90,0.25,1,3d,default,nonlooping,,1,0,0,0,0,0.45,no,no,none,0,,no,,,yes,no,no,0,0,yes,yes,,0,,no,no,no
zmb_vocals_zombie_teardown_loud,raw\sound\vox\zmb\standard\attack\attack_14.LN55.pc.snd.wav,,loaded,bus_voice,grp_voice,snp_voice,,75,0,84,88,75,3250,4000,allon,default,allon,default,5,1,priority,reject,-300,300,70,90,0.25,1,3d,default,nonlooping,,1,0,0,0,0,0.45,no,no,none,0,,no,,,yes,no,no,0,0,yes,yes,,0,,no,no,no
zmb_vocals_zombie_teardown_loud,raw\sound\vox\zmb\standard\attack\attack_15.LN55.pc.snd.wav,,loaded,bus_voice,grp_voice,snp_voice,,75,0,84,88,75,3250,4000,allon,default,allon,default,5,1,priority,reject,-300,300,70,90,0.25,1,3d,default,nonlooping,,1,0,0,0,0,0.45,no,no,none,0,,no,,,yes,no,no,0,0,yes,yes,,0,,no,no,no
zmb_zombie_end_inert,raw\sound\vox\zmb\standard\elec\elec_00.LN55.pc.snd.wav,,loaded,bus_hdrfx,grp_hdrfx,snp_hdrfx,,40,0,86,86,50,2250,2500,allon,default,allon,default,6,8,priority,oldest,-200,200,95,100,0.25,1,3d,default,nonlooping,,1,0,0,0,0,0.25,no,yes,none,0,,no,,,yes,no,no,0,0,yes,no,,0,,no,no,no
zmb_zombie_end_inert,raw\sound\vox\zmb\standard\elec\elec_01.LN55.pc.snd.wav,,loaded,bus_hdrfx,grp_hdrfx,snp_hdrfx,,40,0,86,86,50,2250,2500,allon,default,allon,default,6,8,priority,oldest,-200,200,95,100,0.25,1,3d,default,nonlooping,,1,0,0,0,0,0.25,no,yes,none,0,,no,,,yes,no,no,0,0,yes,no,,0,,no,no,no
zmb_zombie_end_inert,raw\sound\vox\zmb\standard\elec\elec_02.LN55.pc.snd.wav,,loaded,bus_hdrfx,grp_hdrfx,snp_hdrfx,,40,0,86,86,50,2250,2500,allon,default,allon,default,6,8,priority,oldest,-200,200,95,100,0.25,1,3d,default,nonlooping,,1,0,0,0,0,0.25,no,yes,none,0,,no,,,yes,no,no,0,0,yes,no,,0,,no,no,no
zmb_zombie_end_inert,raw\sound\vox\zmb\standard\elec\elec_03.LN55.pc.snd.wav,,loaded,bus_hdrfx,grp_hdrfx,snp_hdrfx,,40,0,86,86,50,2250,2500,allon,default,allon,default,6,8,priority,oldest,-200,200,95,100,0.25,1,3d,default,nonlooping,,1,0,0,0,0,0.25,no,yes,none,0,,no,,,yes,no,no,0,0,yes,no,,0,,no,no,no
zmb_zombie_end_inert,raw\sound\vox\zmb\standard\elec\elec_04.LN55.pc.snd.wav,,loaded,bus_hdrfx,grp_hdrfx,snp_hdrfx,,40,0,86,86,50,2250,2500,allon,default,allon,default,6,8,priority,oldest,-200,200,95,100,0.25,1,3d,default,nonlooping,,1,0,0,0,0,0.25,no,yes,none,0,,no,,,yes,no,no,0,0,yes,no,,0,,no,no,no
zmb_zombie_end_inert,raw\sound\vox\zmb\standard\elec\elec_05.LN55.pc.snd.wav,,loaded,bus_hdrfx,grp_hdrfx,snp_hdrfx,,40,0,86,86,50,2250,2500,allon,default,allon,default,6,8,priority,oldest,-200,200,95,100,0.25,1,3d,default,nonlooping,,1,0,0,0,0,0.25,no,yes,none,0,,no,,,yes,no,no,0,0,yes,no,,0,,no,no,no